consistency_segment,sentiment_group,observations,avg_daily_pnl,avg_win_rate,avg_risk_proxy,avg_trades
Consistent Winner,Fear,31,2420.5520554193545,0.775013103399139,1490.1497144961277,63.87096774193548
Consistent Winner,Greed,92,3333.3070593913044,0.7207580890741297,1354.0012364162862,70.09782608695652
Inconsistent,Fear,473,4812.4752734926005,0.3157218284804584,1812.7665462404946,65.21141649048626
Inconsistent,Greed,795,3549.9534025509433,0.2987120662682277,2326.9761293133856,64.22138364779875
Mixed,Fear,83,10541.132275710843,0.4128807234657622,1080.1059277676331,228.7710843373494
Mixed,Greed,104,1733.8191975673076,0.46091221562541496,267.8287527837148,102.76923076923077
