frequency_segment,sentiment_group,observations,avg_daily_pnl,avg_win_rate,avg_risk_proxy,avg_trades
Frequent Trader,Fear,194,12494.121980190721,0.35482649704170705,842.9788681112277,177.8041237113402
Frequent Trader,Greed,261,2756.050237735632,0.36178462997231214,565.4791262689514,143.81992337164752
Infrequent Trader,Fear,156,3033.956435871795,0.3358129426221205,4032.5412755284,25.185897435897434
Infrequent Trader,Greed,307,1361.62578342671,0.28426776137895277,4297.657475138176,21.45928338762215
Moderate Frequency,Fear,237,1388.586619455696,0.3645897537938667,846.6990300837085,56.49789029535865
Moderate Frequency,Greed,423,5134.388116969267,0.4019496835389886,1265.7149645870693,56.8983451536643
